{"cameraMode":{"drawMode":0,"name":"Shaded","section":"Shading Mode"},"sceneLighting":false,"audioPlay":false,"sceneViewState":{"m_AlwaysRefresh":false,"showFog":true,"showSkybox":false,"showFlares":true,"showImageEffects":true,"showParticleSystems":true,"showVisualEffectGraphs":true,"m_FxEnabled":true},"in2DMode":false,"pivot":{"x":-1.6630001068115235,"y":11.802797317504883,"z":-5.84876823425293},"rotation":{"x":0.06919699162244797,"y":0.04070015996694565,"z":-0.0028228897135704757,"w":0.996778666973114},"size":0.8660253882408142,"orthographic":false}