{"cameraMode":{"drawMode":0,"name":"Shaded","section":"Shading Mode"},"sceneLighting":false,"audioPlay":false,"sceneViewState":{"m_AlwaysRefresh":false,"showFog":true,"showSkybox":false,"showFlares":true,"showImageEffects":true,"showParticleSystems":true,"showVisualEffectGraphs":true,"m_FxEnabled":true},"in2DMode":false,"pivot":{"x":0.24321770668029786,"y":0.6720066070556641,"z":0.062054574489593509},"rotation":{"x":0.21222327649593354,"y":0.2856585383415222,"z":-0.06499777734279633,"w":0.9323108792304993},"size":1.8724899291992188,"orthographic":false}