{"cameraMode":{"drawMode":0,"name":"Shaded","section":"Shading Mode"},"sceneLighting":false,"audioPlay":false,"sceneViewState":{"showFog":true,"showMaterialUpdate":false,"showSkybox":false,"showFlares":true,"showImageEffects":true,"showParticleSystems":true},"in2DMode":false,"pivot":{"x":-0.42529192566871645,"y":0.18274220824241639,"z":0.13348181545734406},"rotation":{"x":-0.198532834649086,"y":-0.4469981789588928,"z":0.10245303064584732,"w":-0.8661932349205017},"size":1.3875658512115479,"orthographic":false}