{"cameraMode":{"drawMode":0,"name":"Shaded","section":"Shading Mode"},"sceneLighting":false,"audioPlay":false,"sceneViewState":{"showFog":true,"showMaterialUpdate":false,"showSkybox":false,"showFlares":true,"showImageEffects":true,"showParticleSystems":true},"in2DMode":false,"pivot":{"x":-0.5593099594116211,"y":-0.12111783027648926,"z":-0.2569931745529175},"rotation":{"x":-0.09352876991033554,"y":-0.8973000645637512,"z":0.22989390790462495,"w":-0.3650633692741394},"size":1.3875658512115479,"orthographic":false}