{"cameraMode":{"drawMode":0,"name":"Shaded","section":"Shading Mode"},"sceneLighting":false,"audioPlay":false,"sceneViewState":{"showFog":true,"showMaterialUpdate":false,"showSkybox":false,"showFlares":true,"showImageEffects":true,"showParticleSystems":true},"in2DMode":false,"pivot":{"x":0.42325538396835329,"y":3.697925090789795,"z":1.5556840896606446},"rotation":{"x":-0.23216237127780915,"y":0.009333421476185322,"z":-0.0022286009043455126,"w":-0.9726343750953674},"size":5.099380016326904,"orthographic":false}