{"cameraMode":{"drawMode":0,"name":"Shaded","section":"Shading Mode"},"sceneLighting":false,"audioPlay":false,"sceneViewState":{"showFog":true,"showMaterialUpdate":false,"showSkybox":false,"showFlares":true,"showImageEffects":true,"showParticleSystems":true},"in2DMode":false,"pivot":{"x":0.06340479850769043,"y":0.14324617385864259,"z":-2.410566806793213},"rotation":{"x":-0.015094959177076817,"y":-0.9577928781509399,"z":0.2824938893318176,"w":-0.05118976905941963},"size":3.7875654697418215,"orthographic":false}