{"cameraMode":{"drawMode":0,"name":"Shaded","section":"Shading Mode"},"sceneLighting":false,"audioPlay":false,"sceneViewState":{"showFog":true,"showMaterialUpdate":false,"showSkybox":false,"showFlares":true,"showImageEffects":true,"showParticleSystems":true},"in2DMode":false,"pivot":{"x":1.845378041267395,"y":2.574413776397705,"z":-0.3116190433502197},"rotation":{"x":-0.17945393919944764,"y":-0.21154281497001649,"z":0.03954623267054558,"w":-0.9599407315254211},"size":1.4694023132324219,"orthographic":false}