{"cameraMode":{"drawMode":0,"name":"Shaded","section":"Shading Mode"},"sceneLighting":false,"audioPlay":false,"sceneViewState":{"showFog":true,"showMaterialUpdate":false,"showSkybox":false,"showFlares":true,"showImageEffects":true,"showParticleSystems":true},"in2DMode":false,"pivot":{"x":0.8010244369506836,"y":0.12707841396331788,"z":-0.4967644214630127},"rotation":{"x":-0.14957688748836518,"y":0.32889077067375185,"z":-0.052842624485492709,"w":-0.9309512376785278},"size":4.157364845275879,"orthographic":false}