{"cameraMode":{"drawMode":0,"name":"Shaded","section":"Shading Mode"},"sceneLighting":false,"audioPlay":false,"sceneViewState":{"showFog":true,"showMaterialUpdate":false,"showSkybox":false,"showFlares":true,"showImageEffects":true,"showParticleSystems":true},"in2DMode":false,"pivot":{"x":3.8859996795654299,"y":0.20000001788139344,"z":1.495364785194397},"rotation":{"x":-0.2703236937522888,"y":0.08420167118310929,"z":-0.023740241304039956,"w":-0.9587880373001099},"size":0.7144707441329956,"orthographic":false}