{"cameraMode":{"drawMode":0,"name":"Shaded","section":"Shading Mode"},"sceneLighting":false,"audioPlay":false,"sceneViewState":{"showFog":true,"showMaterialUpdate":false,"showSkybox":false,"showFlares":true,"showImageEffects":true,"showParticleSystems":true},"in2DMode":false,"pivot":{"x":0.2356165647506714,"y":0.5378914475440979,"z":-0.40509265661239626},"rotation":{"x":-0.2867995798587799,"y":-0.05112970992922783,"z":0.015333615243434906,"w":-0.9565097689628601},"size":1.3875658512115479,"orthographic":false}